<?xml version="1.0" encoding="UTF-8" ?>
<!-- Generated by Oracle SOA Modeler version 1.0 at [2/24/13 4:50 PM]. -->
<composite name="SeqBPEL"
           revision="1.0"
           label="2013-02-24_16-50-33_421"
           mode="active"
           state="on"
           xmlns="http://xmlns.oracle.com/sca/1.0"
           xmlns:xs="http://www.w3.org/2001/XMLSchema"
           xmlns:wsp="http://schemas.xmlsoap.org/ws/2004/09/policy"
           xmlns:orawsp="http://schemas.oracle.com/ws/2006/01/policy"
           xmlns:ui="http://xmlns.oracle.com/soa/designer/">
  <import namespace="http://xmlns.oracle.com/SequenceBPEL/SeqBPEL/BPELProcessSeq"
          location="BPELProcessSeq.wsdl" importType="wsdl"/>
  <import namespace="http://axis.ws.packt.org" location="RoomPriceService.wsdl"
          importType="wsdl"/>
  <import namespace="http://axis.ws.packt.org"
          location="RoomPriceServiceWrapper.wsdl" importType="wsdl"/>
  <import namespace="http://www.packt.org/book/hotel"
          location="BookHotelService.wsdl" importType="wsdl"/>
  <import namespace="http://www.packt.org/book/hotel"
          location="BookHotelServiceWrapper.wsdl" importType="wsdl"/>
  <import namespace="http://www.packt.org/book/car"
          location="BookCarService.wsdl" importType="wsdl"/>
  <import namespace="http://www.packt.org/book/car"
          location="BookCarServiceWrapper.wsdl" importType="wsdl"/>
  <service name="bpelprocessseq_client_ep"
           ui:wsdlLocation="BPELProcessSeq.wsdl">
    <interface.wsdl interface="http://xmlns.oracle.com/SequenceBPEL/SeqBPEL/BPELProcessSeq#wsdl.interface(BPELProcessSeq)"/>
    <binding.ws port="http://xmlns.oracle.com/SequenceBPEL/SeqBPEL/BPELProcessSeq#wsdl.endpoint(bpelprocessseq_client_ep/BPELProcessSeq_pt)"/>
  </service>
  <component name="BPELProcessSeq" version="2.0">
    <implementation.bpel src="BPELProcessSeq.bpel"/>
    <property name="bpel.config.transaction" type="xs:string" many="false">required</property>
    <property name="configuration.monitorLocation" type="xs:string"
              many="false">BPELProcessSeq.monitor</property>
    <property name="configuration.sensorLocation" type="xs:string" many="false">BPELProcessSeq_sensor.xml</property>
    <property name="configuration.sensorActionLocation" type="xs:string"
              many="false">BPELProcessSeq_sensorAction.xml</property>
  </component>
  <reference name="RoomPriceSvc" ui:wsdlLocation="RoomPriceService.wsdl">
    <interface.wsdl interface="http://axis.ws.packt.org#wsdl.interface(RoomPriceServicePortType)"/>
    <binding.ws port="http://axis.ws.packt.org#wsdl.endpoint(RoomPriceService/RoomPriceServiceHttpSoap12Endpoint)"
                location="RoomPriceService.wsdl" soapVersion="1.2">
      <property name="weblogic.wsee.wsat.transaction.flowOption"
                type="xs:string" many="false">WSDLDriven</property>
    </binding.ws>
    <binding.ws port="http://axis.ws.packt.org#wsdl.endpoint(RoomPriceService/RoomPriceServiceHttpSoap11Endpoint)"
                location="RoomPriceService.wsdl" soapVersion="1.1">
      <property name="weblogic.wsee.wsat.transaction.flowOption"
                type="xs:string" many="false">WSDLDriven</property>
    </binding.ws>
  </reference>
  <reference name="BookHotelSvc" ui:wsdlLocation="BookHotelService.wsdl">
    <interface.wsdl interface="http://www.packt.org/book/hotel#wsdl.interface(HotelBooking)"/>
    <binding.ws port="http://www.packt.org/book/hotel#wsdl.endpoint(BookHotelService/HotelBookingPort)"
                location="BookHotelService.wsdl" soapVersion="1.1">
      <property name="weblogic.wsee.wsat.transaction.flowOption"
                type="xs:string" many="false">WSDLDriven</property>
    </binding.ws>
  </reference>
  <reference name="BookCarSvc" ui:wsdlLocation="BookCarService.wsdl">
    <interface.wsdl interface="http://www.packt.org/book/car#wsdl.interface(BookCarServicePortType)"/>
    <binding.ws port="http://www.packt.org/book/car#wsdl.endpoint(BookCarService/BookCarServiceHttpSoap12Endpoint)"
                location="BookCarService.wsdl" soapVersion="1.2">
      <property name="weblogic.wsee.wsat.transaction.flowOption"
                type="xs:string" many="false">WSDLDriven</property>
    </binding.ws>
    <binding.ws port="http://www.packt.org/book/car#wsdl.endpoint(BookCarService/BookCarServiceHttpSoap11Endpoint)"
                location="BookCarService.wsdl" soapVersion="1.1">
      <property name="weblogic.wsee.wsat.transaction.flowOption"
                type="xs:string" many="false">WSDLDriven</property>
    </binding.ws>
  </reference>
  <wire>
    <source.uri>bpelprocessseq_client_ep</source.uri>
    <target.uri>BPELProcessSeq/bpelprocessseq_client</target.uri>
  </wire>
  <wire>
    <source.uri>BPELProcessSeq/RoomPriceSvc</source.uri>
    <target.uri>RoomPriceSvc</target.uri>
  </wire>
  <wire>
    <source.uri>BPELProcessSeq/BookHotelSvc</source.uri>
    <target.uri>BookHotelSvc</target.uri>
  </wire>
  <wire>
    <source.uri>BPELProcessSeq/BookCarSvc</source.uri>
    <target.uri>BookCarSvc</target.uri>
  </wire>
</composite>
