<?xml version="1.0" encoding="UTF-8" ?>
<!-- Generated by Oracle SOA Modeler version 1.0 at [2/24/13 12:19 AM]. -->
<composite name="DynamicBPEL"
           revision="1.0"
           label="2013-02-24_00-19-26_817"
           mode="active"
           state="on"
           xmlns="http://xmlns.oracle.com/sca/1.0"
           xmlns:xs="http://www.w3.org/2001/XMLSchema"
           xmlns:wsp="http://schemas.xmlsoap.org/ws/2004/09/policy"
           xmlns:orawsp="http://schemas.oracle.com/ws/2006/01/policy"
           xmlns:ui="http://xmlns.oracle.com/soa/designer/">
  <import namespace="http://xmlns.oracle.com/DynamicBPEL/DynamicBPEL/DynamicBPEL"
          location="DynamicBPEL.wsdl" importType="wsdl"/>
  <import namespace="http://www.packt.org/book/hotel"
          location="BookHotelService.wsdl" importType="wsdl"/>
  <service name="dynamicbpel_client_ep" ui:wsdlLocation="DynamicBPEL.wsdl">
    <interface.wsdl interface="http://xmlns.oracle.com/DynamicBPEL/DynamicBPEL/DynamicBPEL#wsdl.interface(DynamicBPEL)"/>
    <binding.ws port="http://xmlns.oracle.com/DynamicBPEL/DynamicBPEL/DynamicBPEL#wsdl.endpoint(dynamicbpel_client_ep/DynamicBPEL_pt)"/>
  </service>
  <component name="DynamicBPEL" version="1.1">
    <implementation.bpel src="DynamicBPEL.bpel"/>
    <property name="bpel.config.transaction" type="xs:string" many="false">required</property>
  </component>
  <reference name="BookHotelSvc" ui:wsdlLocation="BookHotelService.wsdl">
    <interface.wsdl interface="http://www.packt.org/book/hotel#wsdl.interface(HotelBooking)"/>
    <binding.ws port="http://www.packt.org/book/hotel#wsdl.endpoint(BookHotelService/HotelBookingPort)"
                location="BookHotelService.wsdl" soapVersion="1.1">
      <property name="weblogic.wsee.wsat.transaction.flowOption"
                type="xs:string" many="false">WSDLDriven</property>
    </binding.ws>
  </reference>
  <wire>
    <source.uri>dynamicbpel_client_ep</source.uri>
    <target.uri>DynamicBPEL/dynamicbpel_client</target.uri>
  </wire>
  <wire>
    <source.uri>DynamicBPEL/BookHotelSvc</source.uri>
    <target.uri>BookHotelSvc</target.uri>
  </wire>
</composite>
