<?xml version="1.0" encoding="UTF-8" ?>
<!-- Generated by Oracle SOA Modeler version 1.0 at [5/25/13 1:44 PM]. -->
<composite name="BPEL_and_Java"
           revision="1.0"
           label="2013-05-25_13-44-52_328"
           mode="active"
           state="on"
           xmlns="http://xmlns.oracle.com/sca/1.0"
           xmlns:xs="http://www.w3.org/2001/XMLSchema"
           xmlns:wsp="http://schemas.xmlsoap.org/ws/2004/09/policy"
           xmlns:orawsp="http://schemas.oracle.com/ws/2006/01/policy"
           xmlns:ui="http://xmlns.oracle.com/soa/designer/">
  <import namespace="http://xmlns.oracle.com/EmbeddJava/BPEL_and_Java/BPEL_and_Java_1_1"
          location="BPEL_and_Java_1_1.wsdl" importType="wsdl"/>
  <import namespace="http://xmlns.oracle.com/EmbeddJava/BPEL_and_Java/BPEL_and_Java_2_0"
          location="BPEL_and_Java_2_0.wsdl" importType="wsdl"/>
  <service name="bpel_and_java_1_1_client_ep"
           ui:wsdlLocation="BPEL_and_Java_1_1.wsdl">
    <interface.wsdl interface="http://xmlns.oracle.com/EmbeddJava/BPEL_and_Java/BPEL_and_Java_1_1#wsdl.interface(BPEL_and_Java_1_1)"/>
    <binding.ws port="http://xmlns.oracle.com/EmbeddJava/BPEL_and_Java/BPEL_and_Java_1_1#wsdl.endpoint(bpel_and_java_1_1_client_ep/BPEL_and_Java_1_1_pt)"/>
  </service>
  <service name="bpel_and_java_2_0_client_ep"
           ui:wsdlLocation="BPEL_and_Java_2_0.wsdl">
    <interface.wsdl interface="http://xmlns.oracle.com/EmbeddJava/BPEL_and_Java/BPEL_and_Java_2_0#wsdl.interface(BPEL_and_Java_2_0)"/>
    <binding.ws port="http://xmlns.oracle.com/EmbeddJava/BPEL_and_Java/BPEL_and_Java_2_0#wsdl.endpoint(bpel_and_java_2_0_client_ep/BPEL_and_Java_2_0_pt)"/>
  </service>
  <component name="BPEL_and_Java_1_1" version="1.1">
    <implementation.bpel src="BPEL_and_Java_1_1.bpel"/>
    <property name="bpel.config.transaction" type="xs:string" many="false">required</property>
  </component>
  <component name="BPEL_and_Java_2_0" version="2.0">
    <implementation.bpel src="BPEL_and_Java_2_0.bpel"/>
    <property name="bpel.config.transaction" type="xs:string" many="false">required</property>
  </component>
  <wire>
    <source.uri>bpel_and_java_1_1_client_ep</source.uri>
    <target.uri>BPEL_and_Java_1_1/bpel_and_java_1_1_client</target.uri>
  </wire>
  <wire>
    <source.uri>bpel_and_java_2_0_client_ep</source.uri>
    <target.uri>BPEL_and_Java_2_0/bpel_and_java_2_0_client</target.uri>
  </wire>
</composite>
