<?xml version="1.0" encoding="UTF-8" ?>
<!-- Generated by Oracle SOA Modeler version 1.0 at [2/24/13 8:21 PM]. -->
<composite name="BPEL_fault_WS"
           revision="1.0"
           label="2013-02-24_20-21-44_047"
           mode="active"
           state="on"
           xmlns="http://xmlns.oracle.com/sca/1.0"
           xmlns:xs="http://www.w3.org/2001/XMLSchema"
           xmlns:wsp="http://schemas.xmlsoap.org/ws/2004/09/policy"
           xmlns:orawsp="http://schemas.oracle.com/ws/2006/01/policy"
           xmlns:ui="http://xmlns.oracle.com/soa/designer/">
  <import namespace="http://xmlns.oracle.com/FaultBPEL/BPEL_fault_WS/BPELfaultedWS"
          location="BPELfaultedWS.wsdl" importType="wsdl"/>
  <import namespace="http://www.packt.org/book/car"
          location="BookCarService.wsdl" importType="wsdl"/>
  <import namespace="http://www.packt.org/book/car"
          location="BookCarServiceWrapper.wsdl" importType="wsdl"/>
  <service name="bpelfaultedws_client_ep" ui:wsdlLocation="BPELfaultedWS.wsdl">
    <interface.wsdl interface="http://xmlns.oracle.com/FaultBPEL/BPEL_fault_WS/BPELfaultedWS#wsdl.interface(BPELfaultedWS)"/>
    <binding.ws port="http://xmlns.oracle.com/FaultBPEL/BPEL_fault_WS/BPELfaultedWS#wsdl.endpoint(bpelfaultedws_client_ep/BPELfaultedWS_pt)"/>
  </service>
  <component name="BPELfaultedWS" version="1.1">
    <implementation.bpel src="BPELfaultedWS.bpel"/>
    <property name="bpel.config.transaction" type="xs:string" many="false">required</property>
  </component>
  <reference name="CarReservationSrvc" ui:wsdlLocation="BookCarService.wsdl">
    <interface.wsdl interface="http://www.packt.org/book/car#wsdl.interface(BookCarServicePortType)"/>
    <binding.ws port="http://www.packt.org/book/car#wsdl.endpoint(BookCarService/BookCarServiceHttpSoap12Endpoint)"
                location="BookCarService.wsdl" soapVersion="1.2">
      <property name="weblogic.wsee.wsat.transaction.flowOption"
                type="xs:string" many="false">WSDLDriven</property>
    </binding.ws>
    <binding.ws port="http://www.packt.org/book/car#wsdl.endpoint(BookCarService/BookCarServiceHttpSoap11Endpoint)"
                location="BookCarService.wsdl" soapVersion="1.1">
      <property name="weblogic.wsee.wsat.transaction.flowOption"
                type="xs:string" many="false">WSDLDriven</property>
    </binding.ws>
  </reference>
  <wire>
    <source.uri>bpelfaultedws_client_ep</source.uri>
    <target.uri>BPELfaultedWS/bpelfaultedws_client</target.uri>
  </wire>
  <wire>
    <source.uri>BPELfaultedWS/CarReservationSrvc</source.uri>
    <target.uri>CarReservationSrvc</target.uri>
  </wire>
</composite>
