<?xml version="1.0" encoding="UTF-8" ?>
<!-- Generated by Oracle SOA Modeler version 1.0 at [2/24/13 10:39 PM]. -->
<composite name="BPELAsyncCall"
           revision="1.0"
           label="2013-02-24_22-39-07_348"
           mode="active"
           state="on"
           xmlns="http://xmlns.oracle.com/sca/1.0"
           xmlns:xs="http://www.w3.org/2001/XMLSchema"
           xmlns:wsp="http://schemas.xmlsoap.org/ws/2004/09/policy"
           xmlns:orawsp="http://schemas.oracle.com/ws/2006/01/policy"
           xmlns:ui="http://xmlns.oracle.com/soa/designer/">
  <import namespace="http://xmlns.oracle.com/BPELAsyncCall/BPELAsyncCall/BPELAsyncCall"
          location="BPELAsyncCall.wsdl" importType="wsdl"/>
  <import namespace="http://xmlns.oracle.com/HelloWorldAsync/HelloWordlAsync/HelloWorldAsyncProcess"
          location="file:/C:/Projects/BPEL_and_Java/book_draft/ch2_Calling_Services_From_BPEL_35/source_code/BPELAsyncCall/BPELAsyncCall/HelloWorldAsyncProcess.wsdl"
          importType="wsdl"/>
  <import namespace="http://xmlns.oracle.com/HelloWorldAsync/HelloWordlAsync/HelloWorldAsyncProcess"
          location="HelloWorldAsyncProcess.wsdl" importType="wsdl"/>
  <service name="bpelasynccall_client_ep" ui:wsdlLocation="BPELAsyncCall.wsdl">
    <interface.wsdl interface="http://xmlns.oracle.com/BPELAsyncCall/BPELAsyncCall/BPELAsyncCall#wsdl.interface(BPELAsyncCall)"/>
    <binding.ws port="http://xmlns.oracle.com/BPELAsyncCall/BPELAsyncCall/BPELAsyncCall#wsdl.endpoint(bpelasynccall_client_ep/BPELAsyncCall_pt)"/>
  </service>
  <component name="BPELAsyncCall" version="1.1">
    <implementation.bpel src="BPELAsyncCall.bpel"/>
    <property name="bpel.config.transaction" type="xs:string" many="false">requiresNew</property>
  </component>
  <reference name="AsyncWS"
             ui:wsdlLocation="file:/C:/Projects/BPEL_and_Java/book_draft/ch2_Calling_Services_From_BPEL_35/source_code/BPELAsyncCall/BPELAsyncCall/HelloWorldAsyncProcess.wsdl">
    <interface.wsdl interface="http://xmlns.oracle.com/HelloWorldAsync/HelloWordlAsync/HelloWorldAsyncProcess#wsdl.interface(HelloWorldAsyncProcess)"
                    callbackInterface="http://xmlns.oracle.com/HelloWorldAsync/HelloWordlAsync/HelloWorldAsyncProcess#wsdl.interface(HelloWorldAsyncProcessCallback)"/>
    <binding.ws port="http://xmlns.oracle.com/HelloWorldAsync/HelloWordlAsync/HelloWorldAsyncProcess#wsdl.endpoint(helloworldasyncprocess_client_ep/HelloWorldAsyncProcess_pt)"
                location="helloworldasyncprocess_client_ep.wsdl"
                soapVersion="1.1">
      <property name="weblogic.wsee.wsat.transaction.flowOption"
                type="xs:string" many="false">WSDLDriven</property>
    </binding.ws>
    <callback>
      <binding.ws port="http://xmlns.oracle.com/HelloWorldAsync/HelloWordlAsync/HelloWorldAsyncProcess#wsdl.endpoint(helloworldasyncprocess_client_ep/HelloWorldAsyncProcessCallback_pt)"/>
    </callback>
  </reference>
  <wire>
    <source.uri>bpelasynccall_client_ep</source.uri>
    <target.uri>BPELAsyncCall/bpelasynccall_client</target.uri>
  </wire>
  <wire>
    <source.uri>BPELAsyncCall/AsyncWS</source.uri>
    <target.uri>AsyncWS</target.uri>
  </wire>
</composite>
