<?xml version="1.0" encoding="windows-1252" ?>
<adf-config xmlns="http://xmlns.oracle.com/adf/config"
            xmlns:sec="http://xmlns.oracle.com/adf/security/config"
            xmlns:adf="http://xmlns.oracle.com/adf/config/properties">
  <!-- server side db backed mds settings -->
  <adf-mds-config xmlns="http://xmlns.oracle.com/adf/mds/config">
    <mds-config xmlns="http://xmlns.oracle.com/mds/config">
      <persistence-config>
        <metadata-namespaces>
          <!-- shared namespace for soa artifacts, such as xsd / wsdl -->
          <!-- customer namespace for sharing stuff -->
          <namespace metadata-store-usage="mstore-usage_1" path="/apps"/>
          <!-- configuration namespace for the SE/BCs, only exists on the server -->
          <namespace metadata-store-usage="mstore-usage_1" path="/soa/configuration"/>          
        </metadata-namespaces>
        <metadata-store-usages/>
      </persistence-config>
    </mds-config>
  </adf-mds-config>
  <sec:adf-security-child xmlns="http://xmlns.oracle.com/adf/security/config">
    <CredentialStoreContext credentialStoreClass="oracle.adf.share.security.providers.jps.CSFCredentialStore"
                            credentialStoreLocation="./jps-config.xml"/>
  </sec:adf-security-child>
  <adf:adf-properties-child xmlns="http://xmlns.oracle.com/adf/config/properties">
    <adf-property name="adfAppUID" value="bpel-101-HelloWorld-9731"/>
  </adf:adf-properties-child>
</adf-config>
